"","value","prop"
"beta.SIM",0.964721397955819,0.983442855387919
"beta.SNE",0.0162419520451171,0.0165571446120811
"beta.SOR",0.980963350000936,1
