"","value","prop"
"beta.SIM",0.935836093730831,0.971730800710496
"beta.SNE",0.027224964997142,0.0282691992895043
"beta.SOR",0.963061058727973,1
